{
  "epochs": [
    1,
    2,
    2,
    3,
    3,
    4,
    5,
    5
  ],
  "train_losses": [
    0.032693687826395035,
    0.007484185975044966,
    0.0022574560716748238,
    0.0011879883240908384,
    0.001792439608834684,
    0.0029279938898980618,
    0.005055730696767569,
    0.00046351965283975005
  ],
  "token_accs": [
    0.9980960488319397,
    0.9995567202568054,
    1.0,
    1.0,
    1.0,
    1.0,
    0.9978678226470947,
    1.0
  ],
  "full_accs": [
    0.0,
    0.5,
    1.0,
    1.0,
    1.0,
    1.0,
    0.5,
    1.0
  ],
  "val_token_accs": [
    0.9981170785427094,
    0.9997535091638565,
    0.9999025613069534,
    0.9999798202514648,
    0.999998779296875,
    0.999998779296875,
    0.999998779296875,
    0.999998779296875
  ],
  "val_full_accs": [
    0.0,
    0.5,
    0.79,
    0.95,
    0.99,
    0.99,
    0.99,
    0.99
  ],
  "lr": [
    0.0001,
    9.755282581475769e-05,
    9.755282581475769e-05,
    9.045084971874737e-05,
    9.045084971874737e-05,
    7.938926261462366e-05,
    6.545084971874737e-05,
    6.545084971874737e-05
  ],
  "steps": [
    300,
    600,
    900,
    1200,
    1500,
    1800,
    2100,
    2400
  ]
}